{
  "cloudant_apikey": "Jv0YdeT03LYn1FMP_OR-hUSf7zeloj6s6T_ALjbEqh7-",
  "cloudant_host": "22e190fd-dbae-4ab9-91e2-ad27e41b7f5f-bluemix.cloudantnosqldb.appdomain.cloud",
  "cloudant_iam_apikey_description": "Auto-generated for key c3688a62-ef20-4b5c-8de9-2a9ab5e3c35c",
  "cloudant_iam_apikey_name": "1e55472e-a006-4491-b98d-3013220a7989",
  "cloudant_iam_role_crn": "crn:v1:bluemix:public:iam::::serviceRole:Writer",
  "cloudant_iam_serviceid_crn": "crn:v1:bluemix:public:iam-identity::a/72e81742796144ed937068a0672dee7c::serviceid:ServiceId-1e88d8b9-cff8-44f4-9d74-355cff5f2568",
  "cloudant_password": "7e6776fb3f8bdcdf4d7f252c1b5793a4de9d346bd652dcd2c730e49097b474d2",
  "cloudant_port": 443,
  "cloudant_url": "https://22e190fd-dbae-4ab9-91e2-ad27e41b7f5f-bluemix:7e6776fb3f8bdcdf4d7f252c1b5793a4de9d346bd652dcd2c730e49097b474d2@22e190fd-dbae-4ab9-91e2-ad27e41b7f5f-bluemix.cloudantnosqldb.appdomain.cloud",
  "cloudant_username": "22e190fd-dbae-4ab9-91e2-ad27e41b7f5f-bluemix"
}
